ref_date,year,hydro_mwh,wind_mwh,solar_mwh,tidal_mwh,biomass_mwh,non_renewable_combustible_mwh,other_mwh,renewable_mwh,non_renewable_mwh,total_mwh,renewable_share_pct
2008-01-01,2008,107413,11562,0,2417,0,1067613,0,121392,1067613,1189005,10.21
2008-02-01,2008,121149,8809,0,1915,0,962315,0,131873,962315,1094188,12.05
2008-03-01,2008,145267,11552,0,2473,0,1023322,0,159292,1023322,1182614,13.47
2008-04-01,2008,110078,7582,0,2447,0,906525,0,120107,906525,1026632,11.70
2008-05-01,2008,87975,8993,0,2400,0,859102,0,99368,859102,958470,10.37
2008-06-01,2008,66502,4064,0,1249,0,831393,0,71815,831393,903208,7.95
2008-07-01,2008,54128,4888,0,-115,0,879207,0,58901,879207,938108,6.28
2008-08-01,2008,50690,3650,0,-71,0,872424,0,54269,872424,926693,5.86
2008-09-01,2008,84541,7206,0,-65,0,828999,0,91682,828999,920681,9.96
2008-10-01,2008,66372,9570,0,-60,0,881460,0,75882,881460,957342,7.93
2008-11-01,2008,71797,9059,0,389,0,880230,0,81245,880230,961475,8.45
2008-12-01,2008,124214,10960,0,2039,0,968771,0,137213,968771,1105984,12.41
2009-01-01,2009,113802,9221,0,2220,0,1082886,0,125243,1082886,1208129,10.37
2009-02-01,2009,88146,8944,0,2186,0,965455,0,99276,965455,1064731,9.32
2009-03-01,2009,113616,7829,0,2570,0,984844,0,124015,984844,1108859,11.18
2009-04-01,2009,109411,8476,0,2339,0,819908,0,120226,819908,940134,12.79
2009-05-01,2009,122049,6188,0,2831,0,819319,0,131068,819319,950387,13.79
2009-06-01,2009,58832,5741,0,2484,0,762028,0,67057,762028,829085,8.09
2009-07-01,2009,72915,4858,0,2906,0,781545,0,80679,781545,862224,9.36
2009-08-01,2009,63581,4694,0,2280,0,792019,0,70555,792019,862574,8.18
2009-09-01,2009,47910,5733,0,2544,0,703615,0,56187,703615,759802,7.39
2009-10-01,2009,84190,9231,0,2492,0,822929,0,95913,822929,918842,10.44
2009-11-01,2009,84172,10967,0,2659,0,839469,0,97798,839469,937267,10.43
2009-12-01,2009,109492,12943,0,2442,0,1041951,0,124877,1041951,1166828,10.70
2010-01-01,2010,111235,9122,0,1696,0,1096373,0,122053,1096373,1218426,10.02
2010-02-01,2010,85928,9966,0,2015,0,971162,0,97909,971162,1069071,9.16
2010-03-01,2010,93488,11050,0,2547,0,973011,0,107085,973011,1080096,9.91
2010-04-01,2010,97370,4466,0,2412,0,708161,0,104248,708161,812409,12.83
2010-05-01,2010,72743,8201,0,2695,0,808850,0,83639,808850,892489,9.37
2010-06-01,2010,67570,5450,0,2503,0,798755,0,75523,798755,874278,8.64
2010-07-01,2010,55570,5879,0,2472,0,884925,0,63921,884925,948846,6.74
2010-08-01,2010,47359,6429,0,2636,0,889766,0,56424,889766,946190,5.96
2010-09-01,2010,53426,7803,0,2480,0,776615,0,63709,776615,840324,7.58
2010-10-01,2010,58867,14766,0,2014,0,849105,0,75647,849105,924752,8.18
2010-11-01,2010,105556,13637,0,1913,0,862167,0,121106,862167,983273,12.32
2010-12-01,2010,152924,27743,0,2297,0,889776,0,182964,889776,1072740,17.06
2011-01-01,2011,131037,22709,0,2494,0,1029796,0,156240,1029796,1186036,13.17
2011-02-01,2011,104673,20724,0,2216,0,996697,0,127613,996697,1124310,11.35
2011-03-01,2011,134181,38425,0,2400,0,983321,0,175006,983321,1158327,15.11
2011-04-01,2011,113540,36586,0,2732,0,776827,0,152858,776827,929685,16.44
2011-05-01,2011,133407,33214,0,2381,0,699535,0,169002,699535,868537,19.46
2011-06-01,2011,82095,22031,0,2516,0,729000,0,106642,729000,835642,12.76
2011-07-01,2011,66314,22481,0,2786,0,804309,0,91581,804309,895890,10.22
2011-08-01,2011,45391,21797,0,1370,0,806930,0,68558,806930,875488,7.83
2011-09-01,2011,39633,22203,0,1880,0,669874,0,63716,669874,733590,8.69
2011-10-01,2011,81331,30964,0,2026,0,662546,0,114321,662546,776867,14.72
2011-11-01,2011,75058,36290,0,1311,0,720009,0,112659,720009,832668,13.53
2011-12-01,2011,99204,35159,0,1983,0,807386,0,136346,807386,943732,14.45
2012-01-01,2012,100612,41725,0,1983,0,907105,0,144320,907105,1051425,13.73
2012-02-01,2012,90586,32650,0,1809,0,886228,0,125045,886228,1011273,12.37
2012-03-01,2012,95109,37141,0,1765,0,746808,0,134015,746808,880823,15.21
2012-04-01,2012,74472,36614,0,1862,0,686411,0,112948,686411,799359,14.13
2012-05-01,2012,69140,32946,0,2395,0,631851,0,104481,631851,736332,14.19
2012-06-01,2012,57846,29510,0,2891,0,605456,0,90247,605456,695703,12.97
2012-07-01,2012,42984,25901,0,2368,0,655204,0,71253,655204,726457,9.81
2012-08-01,2012,19284,25625,0,2464,0,713573,0,47373,713573,760946,6.23
2012-09-01,2012,31132,38687,0,2609,0,596081,0,72428,596081,668509,10.83
2012-10-01,2012,75030,47328,0,2096,0,691019,0,124454,691019,815473,15.26
2012-11-01,2012,91092,40089,0,2388,0,771661,0,133569,771661,905230,14.76
2012-12-01,2012,87254,51805,0,2498,0,873837,0,141557,873837,1015394,13.94
2013-01-01,2013,96515,57071,0,2324,0,942104,0,155910,942104,1098014,14.20
2013-02-01,2013,95915,32752,0,2170,0,979037,0,130837,979037,1109874,11.79
2013-03-01,2013,100245,35494,0,2559,0,812606,0,138298,812606,950904,14.54
2013-04-01,2013,106242,36134,0,2447,0,714013,0,144823,714013,858836,16.86
2013-05-01,2013,76873,40293,0,2799,0,661360,0,119965,661360,781325,15.35
2013-06-01,2013,55597,33255,0,435,0,598444,0,89287,598444,687731,12.98
2013-07-01,2013,58507,28071,0,585,0,698431,0,87163,698431,785594,11.10
2013-08-01,2013,42835,29935,0,-167,0,657474,0,72603,657474,730077,9.94
2013-09-01,2013,59784,40263,0,-211,0,590276,0,99836,590276,690112,14.47
2013-10-01,2013,59658,38073,0,-152,0,677271,0,97579,677271,774850,12.59
2013-11-01,2013,80982,50222,0,447,0,765200,0,131651,765200,896851,14.68
2013-12-01,2013,125356,43954,0,1594,0,987821,0,170904,987821,1158725,14.75
2014-01-01,2014,124235,56389,0,1533,0,927044,0,182157,927044,1109201,16.42
2014-02-01,2014,113759,30714,0,1352,0,864089,0,145825,864089,1009914,14.44
2014-03-01,2014,104012,35662,0,1983,0,925952,0,141657,925952,1067609,13.27
2014-04-01,2014,127012,36890,0,1530,0,704767,0,165432,704767,870199,19.01
2014-05-01,2014,110802,28829,0,1894,0,672137,0,141525,672137,813662,17.39
2014-06-01,2014,62031,29462,0,1865,0,617867,0,93358,617867,711225,13.13
2014-07-01,2014,39335,45184,0,586,0,648121,0,85105,648121,733226,11.61
2014-08-01,2014,35915,25493,0,1781,0,694624,0,63189,694624,757813,8.34
2014-09-01,2014,52919,34775,0,1681,0,573027,0,89375,573027,662402,13.49
2014-10-01,2014,56224,45054,0,1376,0,597968,0,102654,597968,700622,14.65
2014-11-01,2014,104423,50271,0,-4,0,714751,0,154690,714751,869441,17.79
2014-12-01,2014,153022,47289,0,-94,0,784335,0,200217,784335,984552,20.34
2015-01-01,2015,101627,47869,0,-124,0,958414,0,149372,958414,1107786,13.48
2015-02-01,2015,109073,42879,0,-164,0,917944,0,151788,917944,1069732,14.19
2015-03-01,2015,103649,48773,0,-13,0,913542,0,152409,913542,1065951,14.30
2015-04-01,2015,101702,39683,0,1538,0,716581,0,142923,716581,859504,16.63
2015-05-01,2015,124550,43642,0,1615,0,500264,0,169807,500264,670071,25.34
2015-06-01,2015,105648,37158,0,1951,0,523413,0,144757,523413,668170,21.66
2015-07-01,2015,78570,25072,0,870,0,614097,0,104512,614097,718609,14.54
2015-08-01,2015,65891,27536,0,22,0,640822,0,93449,640822,734271,12.73
2015-09-01,2015,64474,36673,0,1791,0,560634,0,102938,560634,663572,15.51
2015-10-01,2015,35164,50381,0,1524,0,624797,0,87069,624797,711866,12.23
2015-11-01,2015,38256,46108,0,1979,0,670862,0,86343,670862,757205,11.40
2015-12-01,2015,74700,42835,0,1831,0,728426,0,119366,728426,847792,14.08
2016-01-01,2016,92922,106744,0,1257,0,823926,0,200923,823926,1024849,19.61
2016-02-01,2016,115791,92039,0,1782,0,700949,0,209612,700949,910561,23.02
2016-03-01,2016,123478,90611,0,1901,0,735956,0,215990,735956,951946,22.69
2016-04-01,2016,111394,83942,0,1800,0,593943,0,197136,593943,791079,24.92
2016-05-01,2016,95163,67204,0,1803,0,587239,0,164170,587239,751409,21.85
2016-06-01,2016,48131,67534,0,1314,0,546213,0,116979,546213,663192,17.64
2016-07-01,2016,34819,56251,0,1171,0,614351,0,92241,614351,706592,13.05
2016-08-01,2016,28467,54786,0,1923,0,647547,0,85176,647547,732723,11.62
2016-09-01,2016,20608,76387,0,1415,0,584591,0,98410,584591,683001,14.41
2016-10-01,2016,32568,97855,0,1108,0,628298,0,131531,628298,759829,17.31
2016-11-01,2016,61033,97006,0,1665,0,675770,0,159704,675770,835474,19.12
2016-12-01,2016,39114,110058,0,1408,0,859330,0,150580,859330,1009910,14.91
2017-01-01,2017,90629,97850,0,1723,0,859399,0,190202,859399,1049601,18.12
2017-02-01,2017,91456,118316,0,1562,0,752049,0,211334,752049,963383,21.94
2017-03-01,2017,117440,139480,0,430,0,769588,0,257350,769588,1026938,25.06
2017-04-01,2017,97915,101636,0,0,0,648591,0,199551,648591,848142,23.53
2017-05-01,2017,133048,101390,0,419,0,534998,0,234857,534998,769855,30.51
2017-06-01,2017,89506,100106,0,1316,0,527803,0,190928,527803,718731,26.56
2017-07-01,2017,56649,68883,0,482,0,584889,0,126014,584889,710903,17.73
2017-08-01,2017,39972,70904,0,0,0,652676,0,110876,652676,763552,14.52
2017-09-01,2017,23624,91489,0,0,0,559487,0,115113,559487,674600,17.06
2017-10-01,2017,24164,136754,0,25,0,497309,0,160943,497309,658252,24.45
2017-11-01,2017,24327,141923,0,0,0,615888,0,166250,615888,782138,21.26
2017-12-01,2017,60210,140601,0,0,0,867565,0,200811,867565,1068376,18.80
2018-01-01,2018,103246,123099,0,112,0,881677,0,226457,881677,1108134,20.44
2018-02-01,2018,106972,109638,0,1804,0,752654,0,218414,752654,971068,22.49
2018-03-01,2018,94225,118679,0,1754,0,748951,0,214658,748951,963609,22.28
2018-04-01,2018,110612,106498,0,2098,0,634249,0,219208,634249,853457,25.68
2018-05-01,2018,106853,93630,0,1969,0,565732,0,202452,565732,768184,26.35
2018-06-01,2018,60778,88735,0,1645,0,541156,0,151158,541156,692314,21.83
2018-07-01,2018,55072,74483,0,1830,0,592452,0,131385,592452,723837,18.15
2018-08-01,2018,22558,58279,0,1521,0,659069,0,82358,659069,741427,11.11
2018-09-01,2018,19942,78158,0,1447,0,587495,0,99547,587495,687042,14.49
2018-10-01,2018,40027,114178,0,2185,0,612964,0,156390,612964,769354,20.33
2018-11-01,2018,92871,123524,0,1396,0,657608,0,217791,657608,875399,24.88
2018-12-01,2018,108709,103178,0,1764,0,841619,0,213651,841619,1055270,20.25
2019-01-01,2019,109408,99204,0,883,0,890311,0,209495,890311,1099806,19.05
2019-02-01,2019,96675,106172,0,0,0,798250,0,202847,798250,1001097,20.26
2019-03-01,2019,87293,117096,0,37,0,801075,0,204426,801075,1005501,20.33
2019-04-01,2019,128977,121553,0,0,0,569245,0,250530,569245,819775,30.56
2019-05-01,2019,121955,81160,0,0,0,513588,0,203115,513588,716703,28.34
2019-06-01,2019,99949,75319,0,0,0,438773,0,175268,438773,614041,28.54
2019-07-01,2019,87261,61531,0,0,0,553174,0,148792,553174,701966,21.20
2019-08-01,2019,30462,63000,0,0,0,611571,0,93462,611571,705033,13.26
2019-09-01,2019,39973,73620,0,0,0,477968,0,113593,477968,591561,19.20
2019-10-01,2019,38781,88547,0,0,0,559825,0,127328,559825,687153,18.53
2019-11-01,2019,60652,99191,0,0,0,634074,0,159843,634074,793917,20.13
2019-12-01,2019,135697,104338,0,0,0,760711,0,240035,760711,1000746,23.99
2020-01-01,2020,105119,75365,0,0,25337,862446,0,205821,862446,1068267,19.27
2020-02-01,2020,89289,76218,0,0,15140,774151,0,180647,774151,954798,18.92
2020-03-01,2020,89935,94047,0,0,20875,713463,0,204857,713463,918320,22.31
2020-04-01,2020,104893,86459,0,0,14780,480276,0,206132,480276,686408,30.03
2020-05-01,2020,96091,90560,0,0,4800,427253,0,191451,427253,618704,30.94
2020-06-01,2020,50232,60317,0,0,26734,458149,0,137283,458149,595432,23.06
2020-07-01,2020,39126,42039,0,0,31080,585293,0,112245,585293,697538,16.09
2020-08-01,2020,15646,57681,0,0,36090,572555,0,109417,572555,681972,16.04
2020-09-01,2020,18318,72452,0,0,31134,524397,0,121904,524397,646301,18.86
2020-10-01,2020,23118,79941,0,0,15010,553151,0,118069,553151,671220,17.59
2020-11-01,2020,38000,87612,0,0,8421,588061,0,134033,588061,722094,18.56
2020-12-01,2020,84350,87696,0,0,27097,630594,0,199143,630594,829737,24.00
2021-01-01,2021,88301,72587,0,0,31824,787996,0,192712,787996,980708,19.65
2021-02-01,2021,75196,79889,0,0,27646,742920,0,182731,742920,925651,19.74
2021-03-01,2021,82365,134192,0,0,27031,690203,0,243588,690203,933791,26.09
2021-04-01,2021,120135,115478,0,0,26003,420154,0,261616,420154,681770,38.37
2021-05-01,2021,90151,96494,0,0,28448,440313,0,215093,440313,655406,32.82
2021-06-01,2021,63984,96295,0,0,29504,405778,0,189783,405778,595561,31.87
2021-07-01,2021,30310,68030,0,0,34524,535161,0,132864,535161,668025,19.89
2021-08-01,2021,17576,57331,0,0,30847,593988,0,105754,593988,699742,15.11
2021-09-01,2021,29449,85378,0,0,34643,445593,0,149470,445593,595063,25.12
2021-10-01,2021,27620,80629,0,0,22369,582624,0,130618,582624,713242,18.31
2021-11-01,2021,52023,105791,0,0,9108,589033,0,166922,589033,755955,22.08
2021-12-01,2021,102547,113630,0,0,31672,662019,0,247849,662019,909868,27.24
2022-01-01,2022,138952,110736,0,0,32025,779864,0,281713,779864,1061577,26.54
2022-02-01,2022,107123,112168,0,0,23479,670591,0,242770,670591,913361,26.58
2022-03-01,2022,127359,136940,0,0,20010,635042,0,284309,635042,919351,30.92
2022-04-01,2022,122556,146613,0,0,19221,428546,0,288390,428546,716936,40.23
2022-05-01,2022,132798,112275,0,0,13380,400323,0,258453,400323,658776,39.23
2022-06-01,2022,29128,82470,0,0,17742,482457,0,129340,482457,611797,21.14
2022-07-01,2022,26805,105243,0,0,18964,516849,0,151012,516849,667861,22.61
2022-08-01,2022,9799,74978,0,0,15666,593871,0,100443,593871,694314,14.47
2022-09-01,2022,14392,100850,0,0,3141,460139,0,118383,460139,578522,20.46
2022-10-01,2022,35493,112965,0,0,430,441874,0,148888,441874,590762,25.20
2022-11-01,2022,45022,144667,0,0,395,473100,0,190084,473100,663184,28.66
2022-12-01,2022,93794,140686,0,0,11036,668448,0,245516,668448,913964,26.86
2023-01-01,2023,156037,94750,0,0,16452,683745,0,267239,683745,950984,28.10
2023-02-01,2023,116241,115664,0,0,28653,661084,0,260558,661084,921642,28.27
2023-03-01,2023,92994,131458,0,0,31126,658366,0,255578,658366,913944,27.96
2023-04-01,2023,53010,115626,0,0,32562,418459,0,201198,418459,619657,32.47
2023-05-01,2023,52070,146135,0,0,34764,327241,0,232969,327241,560210,41.59
2023-06-01,2023,59951,84157,1216,0,18147,366406,0,163471,366406,529877,30.85
2023-07-01,2023,58815,63288,289,0,24259,454502,0,146651,454502,601153,24.39
2023-08-01,2023,49230,81289,252,0,36367,358584,0,167138,358584,525722,31.79
2023-09-01,2023,56888,81321,221,0,29494,414547,0,167924,414547,582471,28.83
2023-10-01,2023,82913,101085,191,0,16301,327471,0,200490,327471,527961,37.97
2023-11-01,2023,66511,131949,130,0,11908,505619,0,210498,505619,716117,29.39
2023-12-01,2023,114867,151336,96,0,21546,539607,0,287845,539607,827452,34.79
2024-01-01,2024,112801,138309,119,0,20580,774656,0,271809,774656,1046465,25.97
2024-02-01,2024,83348,144617,153,0,31871,632001,0,259989,632001,891990,29.15
2024-03-01,2024,107580,170785,187,0,30282,490376,0,308834,490376,799210,38.64
2024-04-01,2024,129497,144964,289,0,27297,463559,0,302047,463559,765606,39.45
2024-05-01,2024,89563,97190,300,0,27557,413467,0,214610,413467,628077,34.17
2024-06-01,2024,44850,108754,293,0,17545,288799,0,171442,288799,460241,37.25
2024-07-01,2024,33520,90888,320,0,19704,455307,0,144432,455307,599739,24.08
2024-08-01,2024,30360,87909,318,0,39285,586758,0,157872,586758,744630,21.20
2024-09-01,2024,18376,105022,254,0,41077,459416,0,164729,459416,624145,26.39
2024-10-01,2024,16211,149359,220,0,26126,472594,0,191916,472594,664510,28.88
2024-11-01,2024,21766,192021,84,0,39346,464548,0,253217,464548,717765,35.28
2024-12-01,2024,40173,167617,207,0,32449,648117,0,240446,648117,888563,27.06
2025-01-01,2025,97622,169195,76,0,33520,810007,0,300413,810007,1110420,27.05
2025-02-01,2025,81582,149735,177,0,25945,740289,0,257439,740289,997728,25.80
2025-03-01,2025,74392,173518,256,0,39563,540820,0,287729,540820,828549,34.73
2025-04-01,2025,113668,156954,310,0,39412,447888,0,310344,447888,758232,40.93
2025-05-01,2025,96093,131370,356,0,31054,251363,0,258873,251363,510236,50.74
2025-06-01,2025,53861,123801,408,0,13482,292565,0,191552,292565,484117,39.57
2025-07-01,2025,20943,101823,384,0,17495,447941,0,140645,447941,588586,23.90
2025-08-01,2025,7771,102833,366,0,38302,471754,0,149272,471754,621026,24.04
2025-09-01,2025,4957,84443,926,0,21522,497005,0,111848,497005,608853,18.37
2025-10-01,2025,4324,148899,915,0,23800,495070,0,177938,495070,673008,26.44
2025-11-01,2025,12323,165304,1405,0,31162,560088,0,210194,560088,770282,27.29
2025-12-01,2025,49734,197185,284,0,39515,784482,0,286718,784482,1071200,26.77
2026-01-01,2026,59428,173088,267,0,33293,853631,0,266076,853631,1119707,23.76
2026-02-01,2026,67004,114281,589,0,31425,746653,0,213299,746653,959952,22.22
2026-03-01,2026,75228,172764,653,0,35720,676665,0,284365,676665,961030,29.59
2026-04-01,2026,74836,140018,710,0,30687,546623,0,246251,546623,792874,31.06
2026-05-01,2026,96745,156531,2235,0,30780,302019,0,286291,302019,588310,48.66
2026-06-01,2026,71258,112659,1085,0,23185,374555,0,208187,374555,582742,35.73
